organisations_id,roles_id
accident-compensation-corporation,minister-for-acc
accident-compensation-corporation,associate-minister-for-acc
accident-compensation-corporation,acting-chairperson
accident-compensation-corporation,chief-executive
accreditation-council,chief-executive
accreditation-council,chair
advertising-standards-authority,chief-executive
advertising-standards-authority,chair
agresearch-limited,chief-executive
agresearch-limited,chair
agricultural-and-marketing-research-and-development-trust,minister-of-agriculture
agricultural-and-marketing-research-and-development-trust,associate-minister-of-agriculture
agricultural-and-marketing-research-and-development-trust,associate-minister-of-agriculture-horticulture
agricultural-and-marketing-research-and-development-trust,associate-minister-of-agriculture-animal-welfare-skills
agricultural-and-marketing-research-and-development-trust,chairperson
agricultural-and-marketing-research-and-development-trust,general-manager
air-new-zealand,minister-of-finance
air-new-zealand,chief-executive-officer
air-new-zealand,chair
airways-corporation-of-new-zealand-limited,minister-for-state-owned-enterprises
airways-corporation-of-new-zealand-limited,chief-executive
airways-corporation-of-new-zealand-limited,chair
animal-control-products-limited,minister-for-state-owned-enterprises
animal-control-products-limited,chief-executive
animal-control-products-limited,chairperson
ara-institute-of-canterbury,chief-executive
ara-institute-of-canterbury,chair
archives-new-zealand,minister-of-internal-affairs
archives-new-zealand,chief-archivist-and-general-manager
aroturuki-tamariki,minister-for-social-development-and-employment
aroturuki-tamariki,chief-executive
ashburton-district-council,chief-executive
ashburton-district-council,mayor
asia-new-zealand-foundation,minister-of-foreign-affairs
asia-new-zealand-foundation,executive-director
asia-new-zealand-foundation,chairperson
asurequality-limited,minister-for-state-owned-enterprises
asurequality-limited,chief-executive
auckland-council,mayor
auckland-council,chief-executive
auckland-university-of-technology,chancellor
auckland-university-of-technology,vice-chancellor
aucklandwaikato-fish-and-game-council,minister-of-conservation
aucklandwaikato-fish-and-game-council,chief-executive
aucklandwaikato-fish-and-game-council,chairperson
audit-new-zealand,executive-director
aviation-security-service,general-manager
banking-ombudsman-scheme,banking-ombudsman
banking-ombudsman-scheme,independent-chair
bay-of-plenty-regional-council,chief-executive
bay-of-plenty-regional-council,chairman
broadcasting-standards-authority,minister-for-media-and-communications
broadcasting-standards-authority,parliamentary-under-secretary-to-the-minister-for-media-and-communications
broadcasting-standards-authority,chief-executive
broadcasting-standards-authority,chair
buller-district-council,chief-executive
buller-district-council,mayor
callaghan-innovation,chief-executive
callaghan-innovation,chairperson
carterton-district-council,chief-executive
carterton-district-council,mayor
central-hawkes-bay-district-council,chief-executive
central-hawkes-bay-district-council,mayor
central-otago-district-council,chief-executive
central-otago-district-council,mayor
central-south-island-fish-and-game-council,minister-of-conservation
central-south-island-fish-and-game-council,chief-executive
central-south-island-fish-and-game-council,chairperson
charities-services,general-manager
charter-school-agency,associate-minister-of-education-partnership-schools
charter-school-agency,chief-executive
charter-school-agency,chair
chatham-islands-council,mayor
chatham-islands-council,chief-executive
christchurch-city-council,mayor
christchurch-city-council,interim-chief-executive
city-rail-link-limited,minister-of-transport
city-rail-link-limited,associate-minister-of-transport
city-rail-link-limited,chair
civil-aviation-authority-of-new-zealand,minister-of-transport
civil-aviation-authority-of-new-zealand,associate-minister-of-transport
civil-aviation-authority-of-new-zealand,chair
civil-aviation-authority-of-new-zealand,chief-executive
climate-change-commission,minister-of-climate-change
climate-change-commission,chief-executive
climate-change-commission,chairperson
clutha-district-council,chief-executive
clutha-district-council,mayor
commerce-commission,chief-executive
commerce-commission,chair
controller-and-auditor-general,controller-and-auditor-general
creative-new-zealand,minister-for-arts-culture-and-heritage
creative-new-zealand,chair
creative-new-zealand,chief-executive
criminal-cases-review-commission,chief-commissioner
crown-asset-management-limited,chairperson
crown-infrastructure-partners-limited,chief-executive
crown-infrastructure-partners-limited,chair
crown-irrigation-investments-limited,minister-of-agriculture
crown-irrigation-investments-limited,associate-minister-of-agriculture
crown-irrigation-investments-limited,associate-minister-of-agriculture-horticulture
crown-irrigation-investments-limited,associate-minister-of-agriculture-animal-welfare-skills
crown-irrigation-investments-limited,chair
crown-irrigation-investments-limited,ceo
crown-law-office,attorney-general
crown-law-office,solicitor-general
defence-employer-support-council,associate-minister-of-defence
defence-employer-support-council,minister-of-defence
defence-employer-support-council,chairperson
department-of-conservation,minister-of-conservation
department-of-conservation,director-general
department-of-corrections,minister-of-corrections
department-of-corrections,chief-executive
department-of-internal-affairs,minister-of-local-government
department-of-internal-affairs,minister-responsible-for-ministerial-services
department-of-internal-affairs,minister-of-internal-affairs
department-of-internal-affairs,minister-for-the-community-and-voluntary-sector
department-of-internal-affairs,minister-for-digitising-government
department-of-internal-affairs,minister-for-ethnic-communities
department-of-internal-affairs,minister-for-racing
department-of-internal-affairs,chief-executive-and-secretary
department-of-internal-affairs,government-chief-digital-officer
department-of-internal-affairs,secretary-for-local-government
department-of-the-prime-minister-and-cabinet,prime-minister
department-of-the-prime-minister-and-cabinet,minister-for-national-security-and-intelligence
department-of-the-prime-minister-and-cabinet,minister-for-child-poverty-reduction
department-of-the-prime-minister-and-cabinet,chief-executive
drug-free-sport-new-zealand,associate-minister-for-sport-and-recreation
drug-free-sport-new-zealand,minister-for-sport-and-recreation
drug-free-sport-new-zealand,chair
drug-free-sport-new-zealand,chief-executive
dunedin-city-council,chief-executive-officer
dunedin-city-council,mayor
eastern-fish-and-game-council,minister-of-conservation
eastern-fish-and-game-council,manager
eastern-fish-and-game-council,chairperson
eastern-institute-of-technology,chief-executive
eastern-institute-of-technology,chair
education-new-zealand,chair
education-new-zealand,chief-executive
education-payroll,minister-of-education
education-payroll,chief-executive
education-payroll,chair
education-review-office,minister-of-education
education-review-office,chief-executive-chief-review-officer
electoral-commission,chief-electoral-officer
electoral-commission,chair
electricity-authority,minister-for-energy
electricity-authority,associate-minister-for-energy
electricity-authority,chair
electricity-authority,chief-executive
electricity-corporation-of-new-zealand,minister-for-state-owned-enterprises
electricity-corporation-of-new-zealand,director
electricity-corporation-of-new-zealand,chairperson
employment-relations-authority,chief
energy-efficiency-and-conservation-authority,minister-for-energy
energy-efficiency-and-conservation-authority,associate-minister-for-energy
energy-efficiency-and-conservation-authority,chief-executive
energy-efficiency-and-conservation-authority,chair
environment-canterbury,chief-executive
environment-canterbury,chairperson
environment-southland,chief-executive
environment-southland,chairperson
environmental-protection-authority,minister-for-the-environment
environmental-protection-authority,associate-minister-for-the-environment
environmental-protection-authority,acting-chair
environmental-protection-authority,chief-executive
esr,chief-executive
esr,chair
external-reporting-board,chair-person
external-reporting-board,chief-executive
fairway-resolution,chief-executive
fairway-resolution,chair
far-north-district-council,chief-executive
far-north-district-council,mayor
financial-markets-authority,chief-executive
fire-and-emergency-new-zealand,minister-of-internal-affairs
fire-and-emergency-new-zealand,chair
fire-and-emergency-new-zealand,chief-executive
gambling-commission,executive-director
game-animal-council,general-manager
genesis-energy-limited,chief-executive
genesis-energy-limited,chairperson
gisborne-district-council,mayor
gisborne-district-council,chief-executive
gns-science,chief-executive
gns-science,chair
gore-district-council,mayor
gore-district-council,chief-executive
government-communications-security-bureau,minister-responsible-for-the-gcsb
government-communications-security-bureau,gcsb-director-general
government-superannuation-fund-authority,minister-of-finance
government-superannuation-fund-authority,associate-minister-of-finance
government-superannuation-fund-authority,chief-executive
government-superannuation-fund-authority,chair
governor-general,governor-general
greater-wellington-regional-council,chief-executive
greater-wellington-regional-council,chairperson
grey-district-council,chief-executive-officer
grey-district-council,mayor
guardians-of-new-zealand-superannuation,minister-of-finance
guardians-of-new-zealand-superannuation,associate-minister-of-finance
guardians-of-new-zealand-superannuation,chief-executive
guardians-of-new-zealand-superannuation,chairperson
hamilton-city-council,chief-executive
hamilton-city-council,mayor
hastings-district-council,chief-executive
hastings-district-council,mayor
hauraki-district-council,mayor
hauraki-district-council,chief-executive
hawkes-bay-fish-and-game-council,minister-of-conservation
hawkes-bay-fish-and-game-council,acting-manager
hawkes-bay-fish-and-game-council,chairman
hawkes-bay-regional-council,chief-executive
hawkes-bay-regional-council,chairperson
health-and-disability-commissioner,minister-of-health
health-and-disability-commissioner,associate-minister-of-health
health-and-disability-commissioner,minister-for-disability-issues
health-and-disability-commissioner,health-and-disability-commissioner
health-nz-te-whatu-ora,minister-of-health
health-nz-te-whatu-ora,associate-minister-of-health
health-nz-te-whatu-ora,chief-executive
health-nz-te-whatu-ora,commissioner
health-quality-and-safety-commission-new-zealand,minister-of-health
health-quality-and-safety-commission-new-zealand,associate-minister-of-health
health-quality-and-safety-commission-new-zealand,chief-executive
health-quality-and-safety-commission-new-zealand,chair
health-research-council-of-new-zealand,minister-of-health
health-research-council-of-new-zealand,associate-minister-of-health
health-research-council-of-new-zealand,chief-executive
health-research-council-of-new-zealand,chairperson
herengaanuku,chairperson
herengaanuku,chief-executive
heritage-nz,minister-for-arts-culture-and-heritage
heritage-nz,chair
heritage-nz,chief-executive
high-performance-sport-nz,chair
high-performance-sport-nz,chief-executive
horizons-regional-council,chief-executive
horizons-regional-council,chair
horowhenua-district-council,mayor
horowhenua-district-council,chief-executive
housing-new-zealand-corporation,minister-of-housing
housing-new-zealand-corporation,chair
housing-new-zealand-corporation,chief-executive
human-rights-commission,minister-of-justice
human-rights-commission,chief-executive
human-rights-commission,chief-human-rights-commissioner
hurunui-district-council,mayor
hurunui-district-council,chief-executive
hutt-city-council,chief-executive
hutt-city-council,mayor
immigration-new-zealand,minister-of-immigration
immigration-new-zealand,associate-minister-of-immigration
independent-police-conduct-authority,minister-of-justice
independent-police-conduct-authority,chair
infrastructure-commission,minister-for-infrastructure
infrastructure-commission,parliamentary-under-secretary-to-the-minister-for-infrastructure
infrastructure-commission,board-chair
infrastructure-commission,chief-executive
inland-revenue,minister-of-revenue
inland-revenue,chief-executive-and-commissioner
integrity-sport-and-recreation-commission,associate-minister-for-sport-and-recreation
integrity-sport-and-recreation-commission,minister-for-sport-and-recreation
integrity-sport-and-recreation-commission,chair
integrity-sport-and-recreation-commission,chief-executive
international-accreditation-new-zealand,chief-executive
international-accreditation-new-zealand,chair
invercargill-city-council,mayor
invercargill-city-council,chief-executive
kaikoura-district-council,chief-executive
kaikoura-district-council,mayor
kaipara-district-council,mayor
kaipara-district-council,chief-executive
kapiti-coast-district-council,mayor
kapiti-coast-district-council,chief-executive
kawerau-district-council,mayor
kawerau-district-council,chief-executive
kiwirail,minister-for-state-owned-enterprises
kiwirail,chair
kiwirail,chief-executive
kordia-group-limited,minister-for-state-owned-enterprises
kordia-group-limited,chief-executive
kordia-group-limited,chairman
land-information-new-zealand,minister-for-land-information
land-information-new-zealand,chief-executive
landcare-research-new-zealand-limited,ceo
landcare-research-new-zealand-limited,chair
landcorp,minister-for-state-owned-enterprises
landcorp,chair
landcorp,chief-executive-officer
law-commission,minister-of-justice
law-commission,general-manager
law-commission,president
leadership-development-centre,interim-director
lincoln-university,chancellor
lincoln-university,acting-vice-chancellor
local-government-commission,chief-executive-officer
mackenzie-district-council,chief-executive
mackenzie-district-council,mayor
mana-mokopuna-children-and-young-peoples-commission,minister-for-social-development-and-employment
mana-mokopuna-children-and-young-peoples-commission,minister-for-children
mana-mokopuna-children-and-young-peoples-commission,associate-minister-for-social-development-and-employment
mana-mokopuna-children-and-young-peoples-commission,childrens-commissioner
manawatu-district-council,chief-executive
manawatu-district-council,mayor
manukau-institute-of-technology,chief-executive
manukau-institute-of-technology,chairperson
maori-television,minister-for-maori-development
maori-television,chair
maori-television,acting-chief-executive
maritime-new-zealand,minister-of-transport
maritime-new-zealand,associate-minister-of-transport
maritime-new-zealand,chair
marlborough-district-council,mayor
marlborough-district-council,chief-executive
massey-university,chancellor
massey-university,vice-chancellor
masterton-district-council,mayor
masterton-district-council,chief-executive
matamata-piako-district-council,mayor
matamata-piako-district-council,chief-executive-officer
mental-health-and-wellbeing-commission,minister-for-mental-health
mental-health-and-wellbeing-commission,chair
mercury-nz-limited,chief-executive
mercury-nz-limited,chair
meridian-energy-limited,chair
meridian-energy-limited,chief-executive
metservice,minister-for-state-owned-enterprises
metservice,chair
ministry-for-culture-and-heritage,minister-for-arts-culture-and-heritage
ministry-for-culture-and-heritage,minister-for-media-and-communications
ministry-for-culture-and-heritage,parliamentary-under-secretary-to-the-minister-for-media-and-communications
ministry-for-culture-and-heritage,associate-minister-for-sport-and-recreation
ministry-for-culture-and-heritage,minister-for-sport-and-recreation
ministry-for-culture-and-heritage,chief-executive-and-secretary-for-culture-and-heritage
ministry-for-ethnic-communities,chief-executive
ministry-for-pacific-peoples,minister-for-pacific-peoples
ministry-for-pacific-peoples,chief-executive
ministry-for-primary-industries,minister-for-food-safety
ministry-for-primary-industries,minister-for-biosecurity
ministry-for-primary-industries,associate-minister-of-agriculture-animal-welfare-skills
ministry-for-primary-industries,minister-of-forestry
ministry-for-primary-industries,minister-of-agriculture
ministry-for-primary-industries,minister-for-rural-communities
ministry-for-primary-industries,associate-minister-of-agriculture
ministry-for-primary-industries,minister-for-hunting-and-fishing
ministry-for-primary-industries,associate-minister-of-agriculture-horticulture
ministry-for-primary-industries,minister-for-oceans-and-fisheries
ministry-for-primary-industries,director-general
ministry-for-the-environment,minister-of-climate-change
ministry-for-the-environment,minister-for-the-environment
ministry-for-the-environment,associate-minister-for-the-environment
ministry-for-the-environment,minister-responsible-for-rma-reform
ministry-for-the-environment,parliamentary-under-secretary-to-the-minister-responsible-for-rma-reform
ministry-for-the-environment,chief-executive-and-secretary-for-the-environment
ministry-for-women,minister-for-women
ministry-for-women,te-tumu-whakarae-mo-te-wahine-secretary-for-women-and-chief-executive
ministry-of-business-innovation-and-employment,minister-for-energy
ministry-of-business-innovation-and-employment,minister-for-small-business-and-manufacturing
ministry-of-business-innovation-and-employment,minister-for-building-and-construction
ministry-of-business-innovation-and-employment,minister-for-tourism-and-hospitality
ministry-of-business-innovation-and-employment,minister-for-workplace-relations-and-safety
ministry-of-business-innovation-and-employment,minister-of-immigration
ministry-of-business-innovation-and-employment,minister-of-commerce-and-consumer-affairs
ministry-of-business-innovation-and-employment,minister-of-science-innovation-and-technology
ministry-of-business-innovation-and-employment,minister-for-regulation
ministry-of-business-innovation-and-employment,minister-for-space
ministry-of-business-innovation-and-employment,minister-for-regional-development
ministry-of-business-innovation-and-employment,associate-minister-for-energy
ministry-of-business-innovation-and-employment,minister-of-resources
ministry-of-business-innovation-and-employment,chief-executive
ministry-of-defence,associate-minister-of-defence
ministry-of-defence,minister-of-defence
ministry-of-defence,chief-executive-secretary-of-defence
ministry-of-education,minister-of-education
ministry-of-education,associate-minister-of-education-partnership-schools
ministry-of-education,chief-executive-and-secretary-for-education
ministry-of-foreign-affairs-and-trade,minister-for-trade-and-investment
ministry-of-foreign-affairs-and-trade,associate-minister-of-foreign-affairs
ministry-of-foreign-affairs-and-trade,minister-of-state-for-trade
ministry-of-foreign-affairs-and-trade,minister-of-foreign-affairs
ministry-of-foreign-affairs-and-trade,chief-executive-and-secretary-of-foreign-affairs-and-trade
ministry-of-health-manatu-hauora,associate-minister-of-health
ministry-of-health-manatu-hauora,minister-of-health
ministry-of-health-manatu-hauora,director-general-of-health-and-chief-executive
ministry-of-housing-and-urban-development,minister-of-housing
ministry-of-housing-and-urban-development,associate-minister-of-housing-social-housing
ministry-of-housing-and-urban-development,chief-executive
ministry-of-justice,minister-of-justice
ministry-of-justice,minister-for-courts
ministry-of-justice,associate-minister-of-justice-firearms
ministry-of-justice,secretary-for-justice-and-chief-executive
ministry-of-social-development,minister-for-seniors
ministry-of-social-development,minister-for-social-development-and-employment
ministry-of-social-development,associate-minister-for-social-development-and-employment
ministry-of-social-development,chief-executive
ministry-of-transport,minister-of-transport
ministry-of-transport,associate-minister-of-transport
ministry-of-transport,chief-executive
ministry-of-youth-development,minister-for-youth
museum-of-new-zealand-te-papa-tongarewa,minister-for-arts-culture-and-heritage
museum-of-new-zealand-te-papa-tongarewa,tumu-whakarae-chief-executive
museum-of-new-zealand-te-papa-tongarewa,kaihautu-maori-co-leader
museum-of-new-zealand-te-papa-tongarewa,chairperson
napier-city-council,mayor
napier-city-council,chief-executive
national-advisory-council-on-the-employment-of-women,chairperson
national-cyber-security-centre,minister-responsible-for-the-ncsc
national-cyber-security-centre,deputy-director-general
national-emergency-management-agency,minister-for-emergency-management-and-recovery
national-emergency-management-agency,chief-executive
national-library-of-new-zealand,minister-of-internal-affairs
national-library-of-new-zealand,national-librarian
national-pacific-radio-trust,minister-for-media-and-communications
national-pacific-radio-trust,parliamentary-under-secretary-to-the-minister-for-media-and-communications
national-pacific-radio-trust,chairman
natural-hazards-commission,chief-executive
natural-hazards-commission,board-chair
nelson-city-council,mayor
nelson-city-council,chief-executive
nelson-marlborough-institute-of-technology,chief-executive
nelson-marlborough-institute-of-technology,chair
nelsonmarlborough-fish-and-game-council,minister-of-conservation
nelsonmarlborough-fish-and-game-council,manager
nelsonmarlborough-fish-and-game-council,chairperson
network-for-learning-limited,minister-of-education
network-for-learning-limited,board-chair
network-for-learning-limited,chief-executive
new-plymouth-district-council,acting-chief-executive
new-plymouth-district-council,mayor
new-zealand-antarctic-institute,minister-of-foreign-affairs
new-zealand-antarctic-institute,chief-executive
new-zealand-antarctic-institute,chair
new-zealand-army,chief-of-army
new-zealand-blood-service,minister-of-health
new-zealand-blood-service,associate-minister-of-health
new-zealand-blood-service,chief-executive-officer
new-zealand-blood-service,chairperson
new-zealand-council-for-educational-research,director
new-zealand-customs-service,minister-of-customs
new-zealand-customs-service,acting-chief-executive-and-comptroller
new-zealand-defence-force,associate-minister-of-defence
new-zealand-defence-force,minister-of-defence
new-zealand-defence-force,chief-of-defence-force
new-zealand-defence-force,chief-of-navy
new-zealand-defence-force,chief-of-army
new-zealand-defence-force,chief-of-air-force
new-zealand-film-commission,minister-for-arts-culture-and-heritage
new-zealand-film-commission,chair
new-zealand-film-commission,chief-executive
new-zealand-fish-and-game-council,minister-of-conservation
new-zealand-fish-and-game-council,minister-for-hunting-and-fishing
new-zealand-fish-and-game-council,chairperson
new-zealand-fish-and-game-council,chief-executive
new-zealand-food-innovation-network,acting-chief-executive-officer
new-zealand-game-bird-habitat-trust-board,minister-of-conservation
new-zealand-game-bird-habitat-trust-board,chairperson
new-zealand-geographic-board,chairperson-surveyor-general
new-zealand-government-property-corporation,minister-of-finance
new-zealand-government-property-corporation,associate-minister-of-finance
new-zealand-green-investment-finance-limited,minister-of-climate-change
new-zealand-green-investment-finance-limited,chair
new-zealand-lotteries-commission,minister-of-internal-affairs
new-zealand-lotteries-commission,chief-executive
new-zealand-lotteries-commission,chair
new-zealand-lottery-grants-board,minister-of-internal-affairs
new-zealand-parole-board,chairperson
new-zealand-police,associate-minister-of-police
new-zealand-police,minister-of-police
new-zealand-police,commissioner-of-police
new-zealand-post-limited,minister-for-state-owned-enterprises
new-zealand-post-limited,chair
new-zealand-post-limited,chief-executive-officer
new-zealand-productivity-commission,minister-of-finance
new-zealand-productivity-commission,associate-minister-of-finance
new-zealand-productivity-commission,general-manager
new-zealand-productivity-commission,chairperson
new-zealand-qualifications-authority,minister-of-education
new-zealand-qualifications-authority,chief-executive
new-zealand-qualifications-authority,board-chair
new-zealand-railways-corporation,minister-for-state-owned-enterprises
new-zealand-railways-corporation,chair
new-zealand-security-intelligence-service,minister-responsible-for-the-nzsis
new-zealand-security-intelligence-service,director-general-of-security
new-zealand-symphony-orchestra,minister-for-arts-culture-and-heritage
new-zealand-symphony-orchestra,chair
new-zealand-symphony-orchestra,chief-executive
new-zealand-tourism-board,minister-for-tourism-and-hospitality
new-zealand-tourism-board,chair
new-zealand-tourism-board,chief-executive
new-zealand-trade-and-enterprise,minister-for-trade-and-investment
new-zealand-trade-and-enterprise,minister-for-economic-development
new-zealand-trade-and-enterprise,minister-of-state-for-trade
new-zealand-trade-and-enterprise,chief-executive
new-zealand-transport-agency,minister-of-transport
new-zealand-transport-agency,associate-minister-of-transport
new-zealand-transport-agency,chief-executive
new-zealand-transport-agency,chair
ngai-tahu-ancillary-claims-trust,minister-for-treaty-of-waitangi-negotiations
ngai-tahu-ancillary-claims-trust,chairperson
ngai-tahu-ancillary-claims-trust,chief-executive
niwa,chief-executive
niwa,chair
north-canterbury-fish-and-game-council,minister-of-conservation
north-canterbury-fish-and-game-council,chief-executive
north-canterbury-fish-and-game-council,chair
northland-fish-and-game-council,minister-of-conservation
northland-fish-and-game-council,manager
northland-fish-and-game-council,chairperson
northland-regional-council,chief-executive
northland-regional-council,chairperson
northtec,chairperson
northtec,acting-chief-executive
nz-growth-capital-partners-limited,chief-executive
nz-on-air,minister-for-media-and-communications
nz-on-air,parliamentary-under-secretary-to-the-minister-for-media-and-communications
nz-on-air,chief-executive
nz-on-air,chair
office-for-seniors,minister-for-seniors
office-of-film-and-literature-classification,minister-of-internal-affairs
office-of-film-and-literature-classification,chief-censor
office-of-human-rights-proceedings,director
office-of-the-clerk-of-the-house-of-representatives,clerk-of-the-house
office-of-the-ombudsmen,chief-ombudsman
open-polytechnic-of-new-zealand,chairperson
open-polytechnic-of-new-zealand,chief-executive
opotiki-district-council,mayor
opotiki-district-council,chief-executive
oranga-tamariki-ministry-for-children,minister-for-children
oranga-tamariki-ministry-for-children,acting-chief-executive
otago-fish-and-game-council,minister-of-conservation
otago-fish-and-game-council,chairperson
otago-fish-and-game-council,chief-executive
otago-polytechnic,chief-executive
otago-polytechnic,chairperson
otago-regional-council,chairperson
otago-regional-council,chief-executive
otakaro-limited,chairperson
otakaro-limited,chief-executive
otorohanga-district-council,chief-executive
otorohanga-district-council,mayor
pacific-business-trust,minister-for-pacific-peoples
pacific-business-trust,chief-executive-officer
pacific-business-trust,chairperson
pacific-co-operation-foundation,minister-of-foreign-affairs
pacific-co-operation-foundation,chairperson
palmerston-north-city-council,acting-chief-executive
palmerston-north-city-council,mayor
parliamentary-counsel-office,attorney-general
parliamentary-counsel-office,chief-parliamentary-counsel
parliamentary-service,general-manager
peke-waihanga-artificial-limb-service,minister-for-social-development-and-employment
peke-waihanga-artificial-limb-service,minister-for-disability-issues
peke-waihanga-artificial-limb-service,associate-minister-for-social-development-and-employment
peke-waihanga-artificial-limb-service,chief-executive
peke-waihanga-artificial-limb-service,chair
pharmaceutical-management-agency,minister-of-health
pharmaceutical-management-agency,associate-minister-of-health
pharmaceutical-management-agency,associate-minister-of-health-pharmac
pharmaceutical-management-agency,chair
pharmaceutical-management-agency,chief-executive
plant-and-food-research,acting-chair
plant-and-food-research,chief-executive-officer
porirua-city-council,mayor
porirua-city-council,chief-executive
predator-free-2050,chief-executive-officer
predator-free-2050,board-chair
privacy-commissioner,minister-of-justice
privacy-commissioner,privacy-commissioner
privacy-commissioner,general-manager
privacy-commissioner,deputy-privacy-commissioner
public-service-commission,minister-for-the-public-service
public-service-commission,acting-public-service-commissioner
public-trust,minister-of-justice
public-trust,chair
public-trust,chief-executive-officer
qeii-national-trust,minister-of-conservation
qeii-national-trust,chair
qeii-national-trust,chief-executive
queenstown-lakes-district-council,mayor
queenstown-lakes-district-council,chief-executive
quotable-value-limited,minister-for-state-owned-enterprises
quotable-value-limited,chief-executive
quotable-value-limited,chair
radio-new-zealand-limited,minister-for-media-and-communications
radio-new-zealand-limited,parliamentary-under-secretary-to-the-minister-for-media-and-communications
radio-new-zealand-limited,chief-executive
radio-new-zealand-limited,chair
rangitikei-district-council,chief-executive
rangitikei-district-council,mayor
real-estate-authority,minister-of-justice
real-estate-authority,chairperson
remuneration-authority,chairperson
research-and-education-advanced-network-new-zealand,chief-executive
research-and-education-advanced-network-new-zealand,board-chair
reserve-bank-of-new-zealand,minister-of-finance
reserve-bank-of-new-zealand,associate-minister-of-finance
reserve-bank-of-new-zealand,acting-governor
reserve-bank-of-new-zealand,chairperson
rotorua-lakes-council,chief-executive
rotorua-lakes-council,mayor
ruapehu-district-council,mayor
ruapehu-district-council,chief-executive
scion,chief-executive-officer
scion,board-chair
selwyn-district-council,chief-executive
selwyn-district-council,mayor
serious-fraud-office,associate-minister-of-police
serious-fraud-office,minister-of-police
serious-fraud-office,chief-executive-and-director
social-investment-agency,minister-for-social-investment
social-investment-agency,chief-executive
social-workers-registration-board,minister-for-social-development-and-employment
social-workers-registration-board,associate-minister-for-social-development-and-employment
social-workers-registration-board,registrar
social-workers-registration-board,chief-executive
social-workers-registration-board,chair
south-taranaki-district-council,mayor
south-taranaki-district-council,chief-executive
south-waikato-district-council,mayor
south-waikato-district-council,interim-chief-executive
south-wairarapa-district-council,chief-executive
south-wairarapa-district-council,mayor
southern-response-earthquake-services-limited,chair
southern-response-earthquake-services-limited,chief-executive
southland-district-council,mayor
southland-district-council,chief-executive
southland-fish-and-game-council,minister-of-conservation
southland-fish-and-game-council,manager
southland-fish-and-game-council,chairperson
sport-new-zealand,associate-minister-for-sport-and-recreation
sport-new-zealand,minister-for-sport-and-recreation
sport-new-zealand,chief-executive
sport-new-zealand,chair
statistics-new-zealand,minister-of-statistics
statistics-new-zealand,acting-chief-executive-and-government-statistician
stratford-district-council,chief-executive
stratford-district-council,mayor
tai-poutini-polytechnic,chair
tairawhiti-polytechnic,chief-executive
tairawhiti-polytechnic,chair
takeovers-panel,chief-executive
takeovers-panel,chairperson
tamaki-redevelopment-company,minister-of-housing
tamaki-redevelopment-company,chair
tamaki-redevelopment-company,chief-executive
taranaki-fish-and-game-council,minister-of-conservation
taranaki-fish-and-game-council,chief-executive
taranaki-fish-and-game-council,chairman
taranaki-regional-council,chief-executive
taranaki-regional-council,chairperson
tararua-district-council,chief-executive
tararua-district-council,mayor
tasman-district-council,chief-executive
tasman-district-council,mayor
taumata-arowai,minister-of-local-government
taumata-arowai,chief-executive
taupo-district-council,chief-executive
taupo-district-council,mayor
tauranga-city-council,mayor
te-aho-o-te-kahu,minister-of-health
te-aho-o-te-kahu,associate-minister-of-health
te-aho-o-te-kahu,
te-aho-o-te-kahu,chief-executive
te-ara-ahunga-ora-retirement-commission,retirement-commissioner
te-kura,chief-executive
te-kura,chair
te-mangai-paho,minister-for-maori-development
te-mangai-paho,kaihautu
te-mangai-paho,chair
te-matawai,minister-for-maori-development
te-matawai,ceo
te-matawai,co-chair
te-pukenga,minister-of-education
te-pukenga,minister-for-vocational-education
te-pukenga,chief-executive
te-pukenga,chair
te-puni-kokiri,minister-for-maori-development
te-puni-kokiri,chief-executive-te-puni-kokiri
te-taura-whiri-i-te-reo-maori-maori-language-comm,minister-for-maori-development
te-taura-whiri-i-te-reo-maori-maori-language-comm,chief-executive
te-taura-whiri-i-te-reo-maori-maori-language-comm,chairperson
te-tumu-paeroa,minister-for-maori-development
te-tumu-paeroa,maori-trustee-and-chief-executive
te-wananga-o-aotearoa,te-taiurungi-chief-executive
te-wananga-o-aotearoa,chairperson
te-wananga-o-raukawa,tumuaki
te-wananga-o-raukawa,chairperson
te-whare-wananga-o-awanuiarangi,chair
te-whare-wananga-o-awanuiarangi,chief-executive
teaching-council-of-aotearoa-new-zealand,minister-of-education
teaching-council-of-aotearoa-new-zealand,
teaching-council-of-aotearoa-new-zealand,chair
teaching-council-of-aotearoa-new-zealand,chief-executive
telarc-limited,chief-executive
telarc-limited,chairperson
television-new-zealand-limited,minister-for-media-and-communications
television-new-zealand-limited,parliamentary-under-secretary-to-the-minister-for-media-and-communications
television-new-zealand-limited,chief-executive
television-new-zealand-limited,chairperson
telford-rural-polytechnic,director
tertiary-education-commission,minister-of-education
tertiary-education-commission,minister-for-vocational-education
tertiary-education-commission,chief-executive
tertiary-education-commission,chairperson
thames-coromandel-district-council,chief-executive
thames-coromandel-district-council,mayor
the-office-for-maori-crown-relations-te-arawhiti,minister-for-treaty-of-waitangi-negotiations
the-office-for-maori-crown-relations-te-arawhiti,minister-for-maori-crown-relations-te-arawhiti
the-office-for-maori-crown-relations-te-arawhiti,chief-executive
the-treasury,minister-of-finance
the-treasury,minister-of-revenue
the-treasury,deputy-prime-minister
the-treasury,associate-minister-of-finance
the-treasury,secretary-and-chief-executive
timaru-district-council,chief-executive
timaru-district-council,mayor
toi-ohomai-institute-of-technology,chief-executive
toi-ohomai-institute-of-technology,chairperson
transport-accident-investigation-commission,minister-of-transport
transport-accident-investigation-commission,associate-minister-of-transport
transport-accident-investigation-commission,chief-executive
transport-accident-investigation-commission,chief-commissioner
transpower-new-zealand-limited,minister-for-state-owned-enterprises
transpower-new-zealand-limited,chief-executive
transpower-new-zealand-limited,chair
tupu-tonu-ngapuhi-investment-fund,minister-of-finance
tupu-tonu-ngapuhi-investment-fund,minister-for-treaty-of-waitangi-negotiations
tupu-tonu-ngapuhi-investment-fund,chair
unitec-institute-of-technology,commissioner
unitec-institute-of-technology,interim-chief-executive
universal-college-of-learning,chair
universal-college-of-learning,chief-executive
universities-nz,chair
universities-nz,deputy-chair
universities-nz,chief-executive
universities-nz,deputy-chief-executive-portfolio-manager-research-and-planning-systems
university-of-auckland,vice-chancellor
university-of-auckland,chancellor
university-of-canterbury,vice-chancellor
university-of-canterbury,chancellor
university-of-otago,vice-chancellor
university-of-otago,chancellor
university-of-waikato,chancellor
university-of-waikato,vice-chancellor
upper-hutt-city-council,mayor
upper-hutt-city-council,chief-executive
valuers-registration-board,valuer-general
veterans-affairs-new-zealand,minister-for-veterans
victoria-university-of-wellington,vice-chancellor
victoria-university-of-wellington,chancellor
waikato-district-council,mayor
waikato-district-council,chief-executive
waikato-institute-of-technology,chair
waikato-institute-of-technology,acting-chief-executive
waikato-regional-council,chief-executive
waikato-regional-council,chairperson
waimakariri-district-council,acting-chief-executive
waimakariri-district-council,mayor
waimate-district-council,chief-executive
waimate-district-council,mayor
waipa-district-council,mayor
waipa-district-council,chief-executive
wairoa-district-council,chief-executive
wairoa-district-council,mayor
waitaki-district-council,chief-executive
waitaki-district-council,mayor
waitomo-district-council,chief-executive
waitomo-district-council,mayor
wellington-city-council,mayor
wellington-city-council,chief-executive
wellington-fish-and-game-council,minister-of-conservation
wellington-fish-and-game-council,chief-executive
wellington-fish-and-game-council,chairman
weltec,chief-executive
weltec,commissioner
west-coast-fish-and-game-council,minister-of-conservation
west-coast-fish-and-game-council,manager
west-coast-fish-and-game-council,chairperson
west-coast-regional-council,chief-executive
west-coast-regional-council,chair
western-bay-of-plenty-district-council,mayor
western-bay-of-plenty-district-council,chief-executive
western-institute-of-technology-at-taranaki,chief-executive
western-institute-of-technology-at-taranaki,chair
westland-district-council,mayor
westland-district-council,chief-executive
whaikaha-ministry-of-disabled-people,minister-for-disability-issues
whaikaha-ministry-of-disabled-people,chief-executive
whakatane-district-council,mayor
whakatane-district-council,chief-executive
whanganui-district-council,mayor
whanganui-district-council,chief-executive
whangarei-district-council,mayor
whangarei-district-council,chief-executive
whitireia-community-polytechnic,chief-executive
whitireia-community-polytechnic,commissioner
worksafe-new-zealand,minister-for-workplace-relations-and-safety
worksafe-new-zealand,chief-executive
worksafe-new-zealand,chair
