organisations_id,people_id
accident-compensation-corporation,honscott-simpson
accident-compensation-corporation,honnicola-grigg
accident-compensation-corporation,drtracey-batten
accident-compensation-corporation,megan-main
accreditation-council,brian-young
accreditation-council,paul-connell
advertising-standards-authority,hilary-souter
advertising-standards-authority,honheather-roy
agresearch-limited,sue-bidrose
agresearch-limited,drpaul-reynolds-qso
agricultural-and-marketing-research-and-development-trust,hontodd-mcclay
agricultural-and-marketing-research-and-development-trust,honmark-patterson
agricultural-and-marketing-research-and-development-trust,honnicola-grigg
agricultural-and-marketing-research-and-development-trust,honandrew-hoggard
agricultural-and-marketing-research-and-development-trust,tony-egan
agricultural-and-marketing-research-and-development-trust,malcolm-nitschke
air-new-zealand,honnicola-willis
air-new-zealand,greg-foran
air-new-zealand,dametherese-walsh
airways-corporation-of-new-zealand-limited,honsimeon-brown
airways-corporation-of-new-zealand-limited,graeme-sumner
airways-corporation-of-new-zealand-limited,denise-church-qso-cfinstd
animal-control-products-limited,honsimeon-brown
animal-control-products-limited,william-mccook
animal-control-products-limited,terry-murdoch
ara-institute-of-canterbury,tony-gray
ara-institute-of-canterbury,drtherese-arseneau
archives-new-zealand,honbrooke-van-velden
archives-new-zealand,anahera-morehu
aroturuki-tamariki,honlouise-upston
aroturuki-tamariki,arran-jones
ashburton-district-council,hamish-riach
ashburton-district-council,neil-brown
asia-new-zealand-foundation,rt-honwinston-peters
asia-new-zealand-foundation,simon-draper
asia-new-zealand-foundation,hon-damefran-wilde-dnzm-qso
asurequality-limited,honsimeon-brown
asurequality-limited,kim-ballinger
auckland-council,wayne-brown
auckland-council,jim-stabback
auckland-university-of-technology,john-maasland
auckland-university-of-technology,derek-mccormack
aucklandwaikato-fish-and-game-council,hontama-potaka
aucklandwaikato-fish-and-game-council,ben-wilson
aucklandwaikato-fish-and-game-council,nigel-juby
audit-new-zealand,stephen-walker
aviation-security-service,mark-wheeler
banking-ombudsman-scheme,nicola-sladden
banking-ombudsman-scheme,miriam-dean-cnzm-qc
bay-of-plenty-regional-council,fiona-mctavish
bay-of-plenty-regional-council,doug-leeder
broadcasting-standards-authority,honpaul-goldsmith
broadcasting-standards-authority,honjenny-marcroft
broadcasting-standards-authority,glen-scanlon
broadcasting-standards-authority,judgebill-hastings
buller-district-council,sharon-mason
buller-district-council,jamie-cleine
callaghan-innovation,stefan-korn
callaghan-innovation,pete-hodgson
carterton-district-council,geoff-hamilton
carterton-district-council,ron-mark
central-hawkes-bay-district-council,doug-tate
central-hawkes-bay-district-council,alex-walker
central-otago-district-council,sanchia-jacobs
central-otago-district-council,tim-cadogan
central-south-island-fish-and-game-council,hontama-potaka
central-south-island-fish-and-game-council,steve-mcknight
central-south-island-fish-and-game-council,linn-koevoet
charities-services,charlotte-stanley
charter-school-agency,hondavid-seymour
charter-school-agency,jane-lee
charter-school-agency,justine-mahon
chatham-islands-council,monique-croon
chatham-islands-council,owen-pickles
christchurch-city-council,phil-mauger
christchurch-city-council,mary-richardson
city-rail-link-limited,honchris-bishop
city-rail-link-limited,james-meager
city-rail-link-limited,sirbrian-roche
civil-aviation-authority-of-new-zealand,honchris-bishop
civil-aviation-authority-of-new-zealand,james-meager
civil-aviation-authority-of-new-zealand,mark-darrow
civil-aviation-authority-of-new-zealand,keith-manch
climate-change-commission,honsimon-watts
climate-change-commission,jo-hendy
climate-change-commission,dr-rod-carr
clutha-district-council,steve-hill
clutha-district-council,bryan-cadogan
commerce-commission,adrienne-meikle
commerce-commission,anna-rawlings
controller-and-auditor-general,john-ryan
creative-new-zealand,honpaul-goldsmith
creative-new-zealand,caren-rangi-onzm
creative-new-zealand,stephen-wainwright
criminal-cases-review-commission,colin-carruthers-qc
crown-asset-management-limited,gary-traveller
crown-infrastructure-partners-limited,graham-mitchell
crown-infrastructure-partners-limited,mark-binns
crown-irrigation-investments-limited,hontodd-mcclay
crown-irrigation-investments-limited,honmark-patterson
crown-irrigation-investments-limited,honnicola-grigg
crown-irrigation-investments-limited,honandrew-hoggard
crown-irrigation-investments-limited,linda-robertson
crown-irrigation-investments-limited,murray-gribben
crown-law-office,honjudith-collins
crown-law-office,una-jagose-qc
defence-employer-support-council,honchris-penk
defence-employer-support-council,honjudith-collins
defence-employer-support-council,peter-townsend
department-of-conservation,hontama-potaka
department-of-conservation,penny-nelson
department-of-corrections,honmark-mitchell
department-of-corrections,jeremy-lightfoot
department-of-internal-affairs,honsimon-watts
department-of-internal-affairs,rt-honchristopher-luxon
department-of-internal-affairs,honbrooke-van-velden
department-of-internal-affairs,honlouise-upston
department-of-internal-affairs,honjudith-collins
department-of-internal-affairs,honmark-mitchell
department-of-internal-affairs,rt-honwinston-peters
department-of-internal-affairs,paul-james
department-of-the-prime-minister-and-cabinet,rt-honchristopher-luxon
department-of-the-prime-minister-and-cabinet,honlouise-upston
department-of-the-prime-minister-and-cabinet,ben-king
drug-free-sport-new-zealand,honchris-bishop
drug-free-sport-new-zealand,honmark-mitchell
drug-free-sport-new-zealand,tim-castle
drug-free-sport-new-zealand,nick-paterson
dunedin-city-council,sandy-graham
dunedin-city-council,jules-radich
eastern-fish-and-game-council,hontama-potaka
eastern-fish-and-game-council,arash-alaeinia
eastern-fish-and-game-council,ngahi-bidois
eastern-institute-of-technology,christopher-collins
eastern-institute-of-technology,geraldine-travers
education-new-zealand,tracey-bridges
education-new-zealand,amanda-malu
education-payroll,honerica-stanford
education-payroll,lara-ariell
education-payroll,naomi-ferguson
education-review-office,honerica-stanford
education-review-office,nicholas-pole
electoral-commission,karl-le-quesne
electoral-commission,dame-marie-shroff
electricity-authority,honsimon-watts
electricity-authority,honshane-jones
electricity-authority,anna-kominik
electricity-authority,sarah-gillies
electricity-corporation-of-new-zealand,honsimeon-brown
electricity-corporation-of-new-zealand,jane-meares
electricity-corporation-of-new-zealand,victor-wu
employment-relations-authority,andrew-dallas
energy-efficiency-and-conservation-authority,honsimon-watts
energy-efficiency-and-conservation-authority,honshane-jones
energy-efficiency-and-conservation-authority,drmarcos-pelenur
energy-efficiency-and-conservation-authority,elena-trout
environment-canterbury,stefanie-rixecker
environment-canterbury,peter-scott
environment-southland,wilma-falconer
environment-southland,nicol-horrell
environmental-protection-authority,honpenny-simmonds
environmental-protection-authority,honandrew-hoggard
environmental-protection-authority,steven-tipene-wilson
environmental-protection-authority,drallan-freeth
esr,peter-lennox
esr,denise-church-qso-cfinstd
external-reporting-board,michele-embling
external-reporting-board,wendy-venter
fairway-resolution,rhys-west
fairway-resolution,anita-chan-qc
far-north-district-council,blair-king
far-north-district-council,moko-tepania
financial-markets-authority,samantha-barrass
fire-and-emergency-new-zealand,honbrooke-van-velden
fire-and-emergency-new-zealand,rebecca-keoghan
fire-and-emergency-new-zealand,kerry-gregory
gambling-commission,blair-cairncross
game-animal-council,tim-gale
genesis-energy-limited,marc-england
genesis-energy-limited,barbara-chapman
gisborne-district-council,rehette-stoltz
gisborne-district-council,nedine-thatcher-swann
gns-science,chelydra-percy
gns-science,david-smol
gore-district-council,ben-bell
gore-district-council,stephen-parry
government-communications-security-bureau,honjudith-collins
government-communications-security-bureau,air-vice-marshalandrew-clark
government-superannuation-fund-authority,honnicola-willis
government-superannuation-fund-authority,honchris-bishop
government-superannuation-fund-authority,hondavid-seymour
government-superannuation-fund-authority,honshane-jones
government-superannuation-fund-authority,tim-mitchell
government-superannuation-fund-authority,anne-blackburn
governor-general,damecindy-kiro
greater-wellington-regional-council,nigel-corry
greater-wellington-regional-council,daran-ponter
grey-district-council,paul-morris
grey-district-council,tania-gibson
guardians-of-new-zealand-superannuation,honnicola-willis
guardians-of-new-zealand-superannuation,honchris-bishop
guardians-of-new-zealand-superannuation,hondavid-seymour
guardians-of-new-zealand-superannuation,honshane-jones
guardians-of-new-zealand-superannuation,jo-townsend
guardians-of-new-zealand-superannuation,john-williamson
hamilton-city-council,lance-vervoort
hamilton-city-council,paula-southgate
hastings-district-council,toosavili-nigel-bickle
hastings-district-council,sandra-hazelhurst
hauraki-district-council,toby-adams
hauraki-district-council,langley-cavers
hawkes-bay-fish-and-game-council,hontama-potaka
hawkes-bay-fish-and-game-council,corina-jordan
hawkes-bay-fish-and-game-council,bruce-bates
hawkes-bay-regional-council,drnic-peet
hawkes-bay-regional-council,hinewai-ormsby
health-and-disability-commissioner,honsimeon-brown
health-and-disability-commissioner,honcasey-costello
health-and-disability-commissioner,honmatt-doocey
health-and-disability-commissioner,honlouise-upston
health-and-disability-commissioner,morag-mcdowell
health-nz-te-whatu-ora,honmatt-doocey
health-nz-te-whatu-ora,honsimeon-brown
health-nz-te-whatu-ora,honcasey-costello
health-nz-te-whatu-ora,fepuleai-margie-apa
health-nz-te-whatu-ora,professorlester-levy
health-quality-and-safety-commission-new-zealand,honsimeon-brown
health-quality-and-safety-commission-new-zealand,honcasey-costello
health-quality-and-safety-commission-new-zealand,honmatt-doocey
health-quality-and-safety-commission-new-zealand,dr-janice-wilson
health-quality-and-safety-commission-new-zealand,drdale-bramley
health-research-council-of-new-zealand,honsimeon-brown
health-research-council-of-new-zealand,honcasey-costello
health-research-council-of-new-zealand,honmatt-doocey
health-research-council-of-new-zealand,professorsunny-collings
health-research-council-of-new-zealand,professorlester-levy
herengaanuku,don-cameron
herengaanuku,ric-cullinane
heritage-nz,honpaul-goldsmith
heritage-nz,honmarian-hobbs
heritage-nz,andrew-coleman
high-performance-sport-nz,bill-moran
high-performance-sport-nz,michael-scott
horizons-regional-council,michael-mccartney
horizons-regional-council,rachel-keedwell
horowhenua-district-council,bernie-wanden
horowhenua-district-council,monique-davidson
housing-new-zealand-corporation,honchris-bishop
housing-new-zealand-corporation,simon-moutter
housing-new-zealand-corporation,andrew-mckenzie
human-rights-commission,honpaul-goldsmith
human-rights-commission,meg-de-ronde
human-rights-commission,stephen-rainbow
hurunui-district-council,marie-black
hurunui-district-council,hamish-dobbie
hutt-city-council,jo-miller
hutt-city-council,campbell-barry
immigration-new-zealand,honerica-stanford
immigration-new-zealand,honcasey-costello
immigration-new-zealand,honchris-penk
independent-police-conduct-authority,honpaul-goldsmith
independent-police-conduct-authority,judgekenneth-johnston-kc
infrastructure-commission,honchris-bishop
infrastructure-commission,honsimon-court
infrastructure-commission,dr-alan-bollard
infrastructure-commission,geoff-cooper
inland-revenue,honsimon-watts
inland-revenue,peter-mersi
integrity-sport-and-recreation-commission,honchris-bishop
integrity-sport-and-recreation-commission,honmark-mitchell
integrity-sport-and-recreation-commission,don-mackinnon
integrity-sport-and-recreation-commission,rebecca-rolls
international-accreditation-new-zealand,brian-young
international-accreditation-new-zealand,paul-connell
invercargill-city-council,nobby-clark
invercargill-city-council,clare-hadley
kaikoura-district-council,will-doughty
kaikoura-district-council,craig-mackle
kaipara-district-council,craig-jepson
kaipara-district-council,jason-marris
kapiti-coast-district-council,janet-holborow
kapiti-coast-district-council,darren-edwards
kawerau-district-council,faylene-tunui
kawerau-district-council,russell-george
kiwirail,honsimeon-brown
kiwirail,rob-jager
kiwirail,peter-reidy
kordia-group-limited,honsimeon-brown
kordia-group-limited,shaun-rendell
kordia-group-limited,john-quirk
land-information-new-zealand,honchris-penk
land-information-new-zealand,drrichard-hawke
landcare-research-new-zealand-limited,richard-gordon
landcare-research-new-zealand-limited,jane-taylor
landcorp,honsimeon-brown
landcorp,john-rae
landcorp,mark-leslie
law-commission,honpaul-goldsmith
law-commission,sindy-gallen
law-commission,amokura-kawharu
leadership-development-centre,karen-quigan
lincoln-university,bruce-gemmell
lincoln-university,profbruce-mckenzie
local-government-commission,penny-langley
mackenzie-district-council,angela-oosthuizen
mackenzie-district-council,anne-munro
mana-mokopuna-children-and-young-peoples-commission,honlouise-upston
mana-mokopuna-children-and-young-peoples-commission,honkaren-chhour
mana-mokopuna-children-and-young-peoples-commission,honpenny-simmonds
mana-mokopuna-children-and-young-peoples-commission,drclaire-achmad
manawatu-district-council,shayne-harris
manawatu-district-council,helen-worboys
manukau-institute-of-technology,gus-gilmore
manukau-institute-of-technology,peter-winder
maori-television,hontama-potaka
maori-television,jamie-tuuta
maori-television,shane-taurima
maritime-new-zealand,honchris-bishop
maritime-new-zealand,james-meager
maritime-new-zealand,jo-brosnahan
marlborough-district-council,nadine-taylor
marlborough-district-council,mark-wheeler
massey-university,michael-ahie
massey-university,profjan-thomas
masterton-district-council,gary-caffell
masterton-district-council,david-hopman
matamata-piako-district-council,adrienne-wilcock
matamata-piako-district-council,don-mcleod
mental-health-and-wellbeing-commission,honmatt-doocey
mental-health-and-wellbeing-commission,hayden-wano
mercury-nz-limited,vince-hawksworth
mercury-nz-limited,prue-flacks
meridian-energy-limited,chris-moller
meridian-energy-limited,neal-barclay
metservice,honsimeon-brown
metservice,paula-jackson
ministry-for-culture-and-heritage,honpaul-goldsmith
ministry-for-culture-and-heritage,honjenny-marcroft
ministry-for-culture-and-heritage,honchris-bishop
ministry-for-culture-and-heritage,honmark-mitchell
ministry-for-culture-and-heritage,leauanae-laulumac-leauanae
ministry-for-ethnic-communities,mervin-singham
ministry-for-pacific-peoples,hon-drshane-reti
ministry-for-pacific-peoples,gerardine-clifford-lidstone
ministry-for-primary-industries,honandrew-hoggard
ministry-for-primary-industries,hontodd-mcclay
ministry-for-primary-industries,honmark-patterson
ministry-for-primary-industries,james-meager
ministry-for-primary-industries,honnicola-grigg
ministry-for-primary-industries,honshane-jones
ministry-for-primary-industries,ray-smith
ministry-for-the-environment,honsimon-watts
ministry-for-the-environment,honpenny-simmonds
ministry-for-the-environment,honandrew-hoggard
ministry-for-the-environment,honchris-bishop
ministry-for-the-environment,honsimon-court
ministry-for-the-environment,james-palmer
ministry-for-women,honnicola-grigg
ministry-for-women,kellie-coombes
ministry-of-business-innovation-and-employment,honsimon-watts
ministry-of-business-innovation-and-employment,honchris-penk
ministry-of-business-innovation-and-employment,honlouise-upston
ministry-of-business-innovation-and-employment,honbrooke-van-velden
ministry-of-business-innovation-and-employment,honerica-stanford
ministry-of-business-innovation-and-employment,honscott-simpson
ministry-of-business-innovation-and-employment,hon-drshane-reti
ministry-of-business-innovation-and-employment,hondavid-seymour
ministry-of-business-innovation-and-employment,honjudith-collins
ministry-of-business-innovation-and-employment,honshane-jones
ministry-of-business-innovation-and-employment,carolyn-tremain
ministry-of-defence,honchris-penk
ministry-of-defence,honjudith-collins
ministry-of-defence,andrew-bridgman
ministry-of-education,honerica-stanford
ministry-of-education,hondavid-seymour
ministry-of-education,iona-holsted
ministry-of-foreign-affairs-and-trade,hontodd-mcclay
ministry-of-foreign-affairs-and-trade,honnicola-grigg
ministry-of-foreign-affairs-and-trade,rt-honwinston-peters
ministry-of-foreign-affairs-and-trade,brook-barrington
ministry-of-health-manatu-hauora,honmatt-doocey
ministry-of-health-manatu-hauora,honcasey-costello
ministry-of-health-manatu-hauora,honsimeon-brown
ministry-of-health-manatu-hauora,doctordiana-sarfati
ministry-of-housing-and-urban-development,honchris-bishop
ministry-of-housing-and-urban-development,hontama-potaka
ministry-of-housing-and-urban-development,andrew-crisp
ministry-of-justice,honpaul-goldsmith
ministry-of-justice,honnicole-mckee
ministry-of-justice,andrew-kibblewhite
ministry-of-social-development,honcasey-costello
ministry-of-social-development,honlouise-upston
ministry-of-social-development,honpenny-simmonds
ministry-of-social-development,debbie-power
ministry-of-transport,honchris-bishop
ministry-of-transport,james-meager
ministry-of-transport,audrey-sonserson
ministry-of-youth-development,james-meager
museum-of-new-zealand-te-papa-tongarewa,honpaul-goldsmith
museum-of-new-zealand-te-papa-tongarewa,courtenay-johnston
museum-of-new-zealand-te-papa-tongarewa,arapata-hakiwai
museum-of-new-zealand-te-papa-tongarewa,hon-damefran-wilde-dnzm-qso
napier-city-council,kirsten-wise
napier-city-council,louise-miller
national-advisory-council-on-the-employment-of-women,traci-houpapa
national-cyber-security-centre,honjudith-collins
national-cyber-security-centre,lisa-fong
national-emergency-management-agency,honmark-mitchell
national-emergency-management-agency,dave-gawn
national-library-of-new-zealand,honbrooke-van-velden
national-library-of-new-zealand,rachel-esson
national-pacific-radio-trust,honpaul-goldsmith
national-pacific-radio-trust,honjenny-marcroft
national-pacific-radio-trust,tiumalu-peter-fa-afiu
natural-hazards-commission,tina-mitchell
natural-hazards-commission,chris-black
nelson-city-council,nick-smith
nelson-city-council,pat-dougherty
nelson-marlborough-institute-of-technology,liam-sloan
nelson-marlborough-institute-of-technology,daryl-wehner
nelsonmarlborough-fish-and-game-council,hontama-potaka
nelsonmarlborough-fish-and-game-council,rhys-barrier
nelsonmarlborough-fish-and-game-council,owen-baigent
network-for-learning-limited,honerica-stanford
network-for-learning-limited,jeremy-banks
network-for-learning-limited,larrie-moore
new-plymouth-district-council,jacqueline-baker
new-plymouth-district-council,neil-holdom
new-zealand-antarctic-institute,rt-honwinston-peters
new-zealand-antarctic-institute,sarah-williamson
new-zealand-antarctic-institute,sirbrian-roche
new-zealand-army,peter-kelly
new-zealand-blood-service,honsimeon-brown
new-zealand-blood-service,honcasey-costello
new-zealand-blood-service,honmatt-doocey
new-zealand-blood-service,sam-cliffe
new-zealand-blood-service,david-chamberlain
new-zealand-council-for-educational-research,graeme-cosslett
new-zealand-customs-service,honcasey-costello
new-zealand-customs-service,christine-stevenson
new-zealand-defence-force,honchris-penk
new-zealand-defence-force,honjudith-collins
new-zealand-defence-force,air-marshalkevin-short
new-zealand-defence-force,peter-kelly
new-zealand-defence-force,rear-admiraldavid-proctor
new-zealand-defence-force,major-generaljohn-boswell-dsd
new-zealand-defence-force,air-vice-marshalandrew-clark
new-zealand-film-commission,honpaul-goldsmith
new-zealand-film-commission,kerry-prendergast
new-zealand-film-commission,annabelle-sheehan
new-zealand-fish-and-game-council,hontama-potaka
new-zealand-fish-and-game-council,james-meager
new-zealand-fish-and-game-council,barrie-barnes
new-zealand-fish-and-game-council,corina-jordan
new-zealand-food-innovation-network,alasdair-baxter
new-zealand-game-bird-habitat-trust-board,hontama-potaka
new-zealand-game-bird-habitat-trust-board,andy-tannock
new-zealand-geographic-board,anselm-haanen
new-zealand-government-property-corporation,honnicola-willis
new-zealand-government-property-corporation,honchris-bishop
new-zealand-government-property-corporation,hondavid-seymour
new-zealand-government-property-corporation,honshane-jones
new-zealand-green-investment-finance-limited,honsimon-watts
new-zealand-green-investment-finance-limited,cecilia-tarrant
new-zealand-lotteries-commission,honbrooke-van-velden
new-zealand-lotteries-commission,chris-lyman
new-zealand-lotteries-commission,roger-sharp
new-zealand-lottery-grants-board,honbrooke-van-velden
new-zealand-parole-board,sirron-young
new-zealand-police,honcasey-costello
new-zealand-police,honmark-mitchell
new-zealand-police,richard-chambers
new-zealand-post-limited,honsimeon-brown
new-zealand-post-limited,rodger-finlay
new-zealand-post-limited,david-walsh
new-zealand-productivity-commission,honnicola-willis
new-zealand-productivity-commission,honchris-bishop
new-zealand-productivity-commission,hondavid-seymour
new-zealand-productivity-commission,honshane-jones
new-zealand-productivity-commission,daiman-smith
new-zealand-productivity-commission,murray-sherwin
new-zealand-qualifications-authority,honerica-stanford
new-zealand-qualifications-authority,drgrant-klinkum
new-zealand-qualifications-authority,murray-strong
new-zealand-railways-corporation,honsimeon-brown
new-zealand-railways-corporation,rob-jager
new-zealand-security-intelligence-service,honjudith-collins
new-zealand-security-intelligence-service,andrew-hampton
new-zealand-symphony-orchestra,honpaul-goldsmith
new-zealand-symphony-orchestra,laurence-kubiak
new-zealand-symphony-orchestra,peter-biggs
new-zealand-tourism-board,honlouise-upston
new-zealand-tourism-board,paul-brock
new-zealand-tourism-board,rene-de-monchy
new-zealand-trade-and-enterprise,hontodd-mcclay
new-zealand-trade-and-enterprise,honmelissa-lee
new-zealand-trade-and-enterprise,honnicola-grigg
new-zealand-trade-and-enterprise,peter-chrisp
new-zealand-transport-agency,honchris-bishop
new-zealand-transport-agency,james-meager
new-zealand-transport-agency,brett-gliddon
new-zealand-transport-agency,honsimon-bridges
ngai-tahu-ancillary-claims-trust,honpaul-goldsmith
ngai-tahu-ancillary-claims-trust,sirmark-solomon-knzm
ngai-tahu-ancillary-claims-trust,arihia-bennett
niwa,john-morgan
niwa,barry-harris
north-canterbury-fish-and-game-council,hontama-potaka
north-canterbury-fish-and-game-council,rasmus-gabrielsson
north-canterbury-fish-and-game-council,alan-strong
northland-fish-and-game-council,hontama-potaka
northland-fish-and-game-council,craig-deal
northland-fish-and-game-council,phil-durham
northland-regional-council,jonathan-gibbard
northland-regional-council,tui-shortland
northtec,ripeka-evans
northtec,wayne-jackson
nz-growth-capital-partners-limited,rob-everett
nz-on-air,honpaul-goldsmith
nz-on-air,honjenny-marcroft
nz-on-air,cameron-harland
nz-on-air,drruth-harley-cmnz-obe
office-for-seniors,honcasey-costello
office-of-film-and-literature-classification,honbrooke-van-velden
office-of-film-and-literature-classification,caroline-flora
office-of-human-rights-proceedings,michael-timmins
office-of-the-clerk-of-the-house-of-representatives,david-wilson
office-of-the-ombudsmen,judgepeter-boshier
open-polytechnic-of-new-zealand,vaughan-renner
open-polytechnic-of-new-zealand,drcaroline-seelig
opotiki-district-council,david-moore
opotiki-district-council,miles-mcconway
oranga-tamariki-ministry-for-children,honkaren-chhour
oranga-tamariki-ministry-for-children,chappie-te-kani
otago-fish-and-game-council,hontama-potaka
otago-fish-and-game-council,colin-weatherall
otago-fish-and-game-council,ian-hadland
otago-polytechnic,phil-ker
otago-polytechnic,kathy-grant
otago-regional-council,gretchen-robertson
otago-regional-council,richard-saunders
otakaro-limited,corinne-haines
otakaro-limited,john-bridgman
otorohanga-district-council,tanya-winter
otorohanga-district-council,max-baxter
pacific-business-trust,hon-drshane-reti
pacific-business-trust,kim-tuaine
pacific-business-trust,faamatuainu-tino-pereira
pacific-co-operation-foundation,rt-honwinston-peters
pacific-co-operation-foundation,fiso-john-fiso-onzm
palmerston-north-city-council,chris-dyhrberg
palmerston-north-city-council,grant-smith
parliamentary-counsel-office,honjudith-collins
parliamentary-counsel-office,cassie-nicholson
parliamentary-service,rafael-gonzalez-montero
peke-waihanga-artificial-limb-service,honlouise-upston
peke-waihanga-artificial-limb-service,honpenny-simmonds
peke-waihanga-artificial-limb-service,sean-gray
peke-waihanga-artificial-limb-service,george-reedy
pharmaceutical-management-agency,honsimeon-brown
pharmaceutical-management-agency,honcasey-costello
pharmaceutical-management-agency,honmatt-doocey
pharmaceutical-management-agency,hondavid-seymour
pharmaceutical-management-agency,drpeter-bramley
pharmaceutical-management-agency,sarah-fitt
plant-and-food-research,greg-gent
plant-and-food-research,david-hughes
porirua-city-council,anita-baker
porirua-city-council,wendy-walker
predator-free-2050,rob-forlong
predator-free-2050,denise-church-qso-cfinstd
privacy-commissioner,honpaul-goldsmith
privacy-commissioner,michael-webster
privacy-commissioner,emma-boddy
privacy-commissioner,liz-macpherson
public-service-commission,honjudith-collins
public-service-commission,heather-baggott
public-trust,honpaul-goldsmith
public-trust,ian-fitzgerald
public-trust,glenys-talivai
qeii-national-trust,hontama-potaka
qeii-national-trust,alan-livingston
qeii-national-trust,dan-coup
queenstown-lakes-district-council,glyn-lewers
queenstown-lakes-district-council,mike-theelen
quotable-value-limited,honsimeon-brown
quotable-value-limited,jacquie-barker
quotable-value-limited,raewyn-lovett
radio-new-zealand-limited,honpaul-goldsmith
radio-new-zealand-limited,honjenny-marcroft
radio-new-zealand-limited,paul-thompson
radio-new-zealand-limited,drjim-mather
rangitikei-district-council,peter-beggs
rangitikei-district-council,andy-watson
real-estate-authority,honpaul-goldsmith
real-estate-authority,denese-bates-qc
remuneration-authority,hon-damefran-wilde-dnzm-qso
research-and-education-advanced-network-new-zealand,amber-mcewen
research-and-education-advanced-network-new-zealand,janine-smith-mnzm
reserve-bank-of-new-zealand,honnicola-willis
reserve-bank-of-new-zealand,honchris-bishop
reserve-bank-of-new-zealand,hondavid-seymour
reserve-bank-of-new-zealand,honshane-jones
reserve-bank-of-new-zealand,adrian-orr
reserve-bank-of-new-zealand,professorneil-quigley
rotorua-lakes-council,geoff-williams
rotorua-lakes-council,tania-tapsell
ruapehu-district-council,weston-kirton
ruapehu-district-council,clive-manley
scion,julian-elder
scion,helen-anderson
selwyn-district-council,david-ward
selwyn-district-council,sam-broughton
serious-fraud-office,honcasey-costello
serious-fraud-office,honmark-mitchell
serious-fraud-office,karen-chang
social-investment-agency,honnicola-willis
social-investment-agency,andrew-coster
social-workers-registration-board,honlouise-upston
social-workers-registration-board,honpenny-simmonds
social-workers-registration-board,paul-kirby
social-workers-registration-board,sarah-clark
social-workers-registration-board,shannon-pakura
south-taranaki-district-council,phil-nixon
south-taranaki-district-council,waid-crockett
south-waikato-district-council,gary-petley
south-waikato-district-council,miriam-taris
south-wairarapa-district-council,harry-wilson
south-wairarapa-district-council,martin-connelly
southern-response-earthquake-services-limited,alister-james
southern-response-earthquake-services-limited,anthony-honeybone
southland-district-council,rob-scott
southland-district-council,cameron-mcintosh
southland-fish-and-game-council,hontama-potaka
southland-fish-and-game-council,steve-mcknight
southland-fish-and-game-council,lindsay-withington
sport-new-zealand,honchris-bishop
sport-new-zealand,honmark-mitchell
sport-new-zealand,raelene-castle
sport-new-zealand,bill-moran
statistics-new-zealand,hon-drshane-reti
statistics-new-zealand,mark-sowden
stratford-district-council,sven-hanne
stratford-district-council,neil-volzke
tai-poutini-polytechnic,rebecca-keoghan
tairawhiti-polytechnic,chris-collins
tairawhiti-polytechnic,david-pearson
takeovers-panel,andrew-hudson
takeovers-panel,carl-blanchard
tamaki-redevelopment-company,honchris-bishop
tamaki-redevelopment-company,evan-davies
tamaki-redevelopment-company,shelley-katae
taranaki-fish-and-game-council,hontama-potaka
taranaki-fish-and-game-council,phil-teal
taranaki-fish-and-game-council,chris-donald
taranaki-regional-council,steve-ruru
taranaki-regional-council,charlotte-littlewood
tararua-district-council,bryan-nicholson
tararua-district-council,tracey-collis
tasman-district-council,leonie-rae
tasman-district-council,tim-king
taumata-arowai,honsimon-watts
taumata-arowai,allan-prangnell
taupo-district-council,gareth-green
taupo-district-council,david-trewavas
tauranga-city-council,mahe-drysdale
te-aho-o-te-kahu,honsimeon-brown
te-aho-o-te-kahu,honmatt-doocey
te-aho-o-te-kahu,honcasey-costello
te-aho-o-te-kahu,rami-rahal
te-ara-ahunga-ora-retirement-commission,jane-wrightson
te-kura,mike-hollings
te-kura,karen-sewell
te-mangai-paho,hontama-potaka
te-mangai-paho,larry-parr-onzm
te-mangai-paho,dreruera-prendergast-tarena
te-matawai,hontama-potaka
te-matawai,poia-rewi
te-matawai,reikura-kahi
te-matawai,bernie-o-donnell
te-pukenga,honerica-stanford
te-pukenga,honpenny-simmonds
te-pukenga,stephen-town
te-pukenga,murray-strong
te-puni-kokiri,hontama-potaka
te-puni-kokiri,dave-samuels
te-taura-whiri-i-te-reo-maori-maori-language-comm,hontama-potaka
te-taura-whiri-i-te-reo-maori-maori-language-comm,ngahiwi-apanui
te-taura-whiri-i-te-reo-maori-maori-language-comm,professorrawinia-higgins
te-tumu-paeroa,hontama-potaka
te-tumu-paeroa,drcharlotte-severne
te-wananga-o-aotearoa,honte-ururoa-flavell
te-wananga-o-aotearoa,vanessa-eparaima
te-wananga-o-raukawa,mereana-selby
te-wananga-o-raukawa,robin-hapi
te-whare-wananga-o-awanuiarangi,justicelayne-harvey
te-whare-wananga-o-awanuiarangi,wiremu-doherty
teaching-council-of-aotearoa-new-zealand,honerica-stanford
teaching-council-of-aotearoa-new-zealand,robyn-baker
teaching-council-of-aotearoa-new-zealand,lesley-hoskin
telarc-limited,brian-young
telarc-limited,david-bone
television-new-zealand-limited,honpaul-goldsmith
television-new-zealand-limited,honjenny-marcroft
television-new-zealand-limited,jodi-o-donnell
television-new-zealand-limited,alastair-carruthers
telford-rural-polytechnic,charley-lamb
tertiary-education-commission,honerica-stanford
tertiary-education-commission,honpenny-simmonds
tertiary-education-commission,tim-fowler
tertiary-education-commission,jenn-bestwick
thames-coromandel-district-council,aileen-lawrie
thames-coromandel-district-council,len-salt
the-office-for-maori-crown-relations-te-arawhiti,honpaul-goldsmith
the-office-for-maori-crown-relations-te-arawhiti,hontama-potaka
the-office-for-maori-crown-relations-te-arawhiti,lil-anderson
the-treasury,honnicola-willis
the-treasury,honchris-bishop
the-treasury,honsimon-watts
the-treasury,hondavid-seymour
the-treasury,rt-honwinston-peters
the-treasury,honshane-jones
the-treasury,drcaralee-mcliesh
timaru-district-council,bede-carran
timaru-district-council,nigel-bowen
toi-ohomai-institute-of-technology,drleon-de-wet-fourie
toi-ohomai-institute-of-technology,catherine-cooney
transport-accident-investigation-commission,honchris-bishop
transport-accident-investigation-commission,james-meager
transport-accident-investigation-commission,martin-sawyers
transport-accident-investigation-commission,david-clarke
transpower-new-zealand-limited,honsimeon-brown
transpower-new-zealand-limited,sirjohn-clarke
transpower-new-zealand-limited,drkeith-turner
tupu-tonu-ngapuhi-investment-fund,honnicola-willis
tupu-tonu-ngapuhi-investment-fund,honpaul-goldsmith
tupu-tonu-ngapuhi-investment-fund,sirbrian-roche
unitec-institute-of-technology,murray-strong
unitec-institute-of-technology,merran-davis
universal-college-of-learning,ben-vanderkolk
universal-college-of-learning,dramanda-lynn
universities-nz,profjan-thomas
universities-nz,cheryl-de-la-rey
universities-nz,chris-whelan
universities-nz,drbronwen-kelly
university-of-auckland,professordawn-freshwater
university-of-auckland,cecilia-tarrant
university-of-canterbury,cheryl-de-la-rey
university-of-canterbury,susan-mccormack
university-of-otago,professor-david-murdoch
university-of-otago,stephen-higgs
university-of-waikato,rt-hon-siranand-satyanand
university-of-waikato,professorneil-quigley
upper-hutt-city-council,wayne-guppy
upper-hutt-city-council,peter-kelly
valuers-registration-board,neill-sullivan
veterans-affairs-new-zealand,honchris-penk
victoria-university-of-wellington,profgrant-guilford
victoria-university-of-wellington,neil-paviour-smith
waikato-district-council,jacqui-church
waikato-district-council,gavin-ion
waikato-institute-of-technology,barry-harris
waikato-institute-of-technology,dave-christiansen
waikato-regional-council,chris-mclay
waikato-regional-council,barry-quayle
waimakariri-district-council,jeff-millward
waimakariri-district-council,dan-gordon
waimate-district-council,stuart-duncan
waimate-district-council,craig-rowley
waipa-district-council,susan-oregan
waipa-district-council,garry-dyet
wairoa-district-council,kitea-tipuna
wairoa-district-council,craig-little
waitaki-district-council,alex-parmley
waitaki-district-council,gary-kircher
waitomo-district-council,ben-smit
waitomo-district-council,john-robertson
wellington-city-council,tory-whanau
wellington-city-council,barbara-mckerrow
wellington-fish-and-game-council,hontama-potaka
wellington-fish-and-game-council,phil-teal
wellington-fish-and-game-council,paul-dewar
weltec,chris-gosling
weltec,drneil-barns
west-coast-fish-and-game-council,hontama-potaka
west-coast-fish-and-game-council,dean-kelly
west-coast-fish-and-game-council,andy-harris
west-coast-regional-council,heather-mabin
west-coast-regional-council,allan-birchfield
western-bay-of-plenty-district-council,james-denyer
western-bay-of-plenty-district-council,john-holyoake
western-institute-of-technology-at-taranaki,john-snook
western-institute-of-technology-at-taranaki,robin-brockie
westland-district-council,helen-lash
westland-district-council,simon-bastion
whaikaha-ministry-of-disabled-people,honlouise-upston
whaikaha-ministry-of-disabled-people,paula-tesoriero
whakatane-district-council,victor-luca
whakatane-district-council,steph-o-sullivan
whanganui-district-council,andrew-tripe
whanganui-district-council,david-langford
whangarei-district-council,vince-cocurullo
whangarei-district-council,simon-weston
whitireia-community-polytechnic,chris-gosling
whitireia-community-polytechnic,drneil-barns
worksafe-new-zealand,honbrooke-van-velden
worksafe-new-zealand,steve-haszard
worksafe-new-zealand,jennifer-kerr
